"No.","Exon / Intron","Start","End","Start Phase","End Phase","Length","Sequence"
"","5' upstream sequence","","","","","","                            ..........ggagaagtggcggaggtggaagcggaggcgtacccgcccctggggacgtc                "
"1","ENSE00001478514","18,155,305","18,155,264","-","-","42","                            ATTGGTGGCGGAGGCAATGGCCGGCAACCAGCTGTAAGCGAG                                  "
" ","Intron 1-2","18,155,263","18,149,403","","","5,861","                            gtaggctcactcgggcgcggagggt..........aacattgcaaatattttccacgtag                "
"2","ENSE00000928742","18,149,402","18,149,219","-","2","184","                            GCACGGAAGACATATGCTTGTGAGACAAAGGTGTCTCTGAAACTATGGATGGTACAAGAACTTCACTTGACATTGAAGAGTACTCGGATACTGAGGTACAGAAAAACCAAGTACTAACTCTGGAAGAATGGCAAGACAAGTGGGTGAACGGCAAGACTGCTTTTCATCAGGAACAAGGACATCA                                                                        "
" ","Intron 2-3","18,149,218","18,148,147","","","1,072","                            gtaagaaatatttggtatacaatag..........aaacctttttttttttcctcttcag                "
"3","ENSE00000928741","18,148,146","18,148,054","2","2","93","                            GCTATTAAAGAAGCATTTAGATACTTTCCTTAAAGGCAAGAGTGGACTGAGGGTATTTTTTCCTCTTTGCGGAAAAGCGGTTGAGATGAAATG                                           "
" ","Intron 3-4","18,148,053","18,143,960","","","4,094","                            gtatgagcagataaacattaacaga..........agtgtaaatgtatgattttatgcag                "
"4","ENSE00000928740","18,143,959","18,143,827","2","0","133","                            GTTTGCAGACCGGGGACACAGTGTAGTTGGTGTGGAAATCAGTGAACTTGGGATACAAGAATTTTTTACAGAGCAGAATCTTTCTTACTCAGAAGAACCAATCACCGAAATTCCTGGAACCAAAGTATTTAAG                                                               "
" ","Intron 4-5","18,143,826","18,139,949","","","3,878","                            gtttgttttgatttgggtaaataat..........tttttttttcattatttcattacag                "
"5","ENSE00000928739","18,139,948","18,139,896","0","2","53","                            AGTTCTTCGGGGAACATTTCATTGTACTGTTGCAGTATTTTTGATCTTCCCAG                       "
" ","Intron 5-6","18,139,895","18,139,269","","","627","                            gtaggttgaatactacatctgcact..........aaaatgttttttctctttctggtag                "
"6","ENSE00000928738","18,139,268","18,139,194","2","2","75","                            GACAAATATTGGCAAATTTGACATGATTTGGGATAGAGGAGCATTAGTTGCCATCAATCCAGGTGATCGCAAATG                                                             "
" ","Intron 6-7","18,139,193","18,134,121","","","5,073","                            gtaagtaatttttctttttttgttt..........aaataccttcttgtgttctttgtag                "
"7","ENSE00000928737","18,134,120","18,134,035","2","1","86","                            CTATGCAGATACAATGTTTTCCCTCCTGGGAAAGAAGTTTCAGTATCTCCTGTGTGTTCTTTCTTATGATCCAACTAAACATCCAG                                                  "
" ","Intron 7-8","18,134,034","18,132,409","","","1,626","                            gtaaagttgttgggttttttttttt..........cagaatttatttctcttttacctag                "
"8","ENSE00000928736","18,132,408","18,132,364","1","1","45","                            GTCCACCATTTTATGTTCCACATGCTGAAATTGAAAGGTTGTTTG                               "
" ","Intron 8-9","18,132,363","18,131,012","","","1,352","                            gtaagtttgtggacttatgctgtaa..........aacatgttactctttcttgtttcag                "
"9","ENSE00001209706","18,131,011","18,128,542","1","-","2,470","                            GTAAAATATGCAATATACGTTGTCTTGAGAAGGTTGATGCTTTTGAAGAACGACATAAAAGTTGGGGAATTGACTGTCTTTTTGAAAAGTTATATCTACTTACAGAAAAGTAAATGAGACATAGATAAAATAAAATCACACTGACATGTTTTTGAGGAATTGAAAATTATGCTAAAGCCTGAAAATGTAATGGATGAATTTTTAAAATTGTTTATAAATCATATGATAGATCTTTACTAAAAATGGCTTTTTAGTAAAGCCATTTACTTTTTCTAAAAAAGTTTTAGAAGAAAAAGATGTAACTAAACTTTTAAAGTAGCTCCTTTGGAGAGGAGATTATGATGTGAAAGATTATGCCTATGTGTCTTGCAGATTGCAAGATATTTTACCAATCAGCATGTGTTACCTGTACAATTAAAAAAATATTTCAAAATGCAATGCATATTAAATATAATACACACAGAAAAACTGGCATTTATTTTGTTTTATTTTTTTGAGATGGAGTTTCGTTCTTGTTGCCCAACCTGGAGTGCAATGGTGCAATCTCAGCTCACTGCAACCTCTGCCTCCCAGGTTCAGGTGATTCTCCTGCCTCAGCCTCCTGAGTAGCTGGGATTACAGGTGTGCGCCACCACGCCCAGCTAATTTTTTGTATTTTTAGTAGAGACAGGGTTTCACCATGTTGGTCAGGCTGATCTCGAGCTCCTGACCTCAGGTGATCTACCCACCTCGGCCTCCCAAAGTGCTGGGATTACAGGCGTGAGCCACTGCACCTGGCCTGACATTCTTTATGAAATTTAGAATTGTTGAAGAACTATAACATTTCAGTAGGGTTCAAGGTGGTCCCAAAAGTTATATAAAAGATTAGTTTTTACTATAAACCCTTGTCTTTTACTCAGATCCTAGCATCCCTTTTCACATGGTTTCTCCATGTATATAACAGAATCAAGAAACAAATTTTAATTAAACAATCTGTAACAGAATCAAGAAACAAATACATTTTAATTAAACAATCTATATGGAACAAACATTCCCAAATTCTAAGAATAAATTTTTCTTTAAGTTTTCTCTGAGTTTGGCAATTGTTGTTTTTTATAATTTAATCTGTTTAAATCATCAGGTCTTATAAAATATAATGTACTTAGAGCTGGATTCATGGCTGTTTATTATGAAAGGTTAGATTTCTCAGTTCTTCTTTAACCACATTTTGTTATATCAGACAGTCCTCTATAACTCTGTACTACCCAACAACTAAATGGTTTAGATTGTTTAGCTCATGTTAATAGGATGGTTGTGTATTATAAAAAACGAGTTACGTGTGTGTGTGCACGCATGCACGCACATGTGCTGGCTTAAAGGTTGTTAATGCAAGGTTTGGGGTCCCCTTTAACACTGGTGAAAGCTACGGTACTCTCCCCAGAGATATGTCTTGTCAGCCTCTCTAGTTCCCCTTGGCCTGCATGTACAAACTTCTACCCTAGAAGCTCTCTGCCATCGATGTATTCTAATAGATTTGTAAGGCTATTAATTTGAAGCAACTCCTTGCTCACAGTGATTCTTGCTTCTCTGAGACCTGCTCCCAGTCGATACTGTGGGCTTCAGAAGCCATGACTCCCCAACTCTGCCTGTATCACCGGTTGAATGGACAACTAACCCGAGCTGGACCAACACAATTCTCTCCAGAGACTTTTGATTTTACTTTTATGTAGAGACAGGGTCTCACTTTGTTGCCCACGCTGATGTTGAACTTGACGTGAGGCCTCAAGCAGTCCTCCTGTCTTGGCCACCCAAAGTGCTAGGATTACAGGTATGAGCCATTGCGCTGGCCCTCTTCATAGGCTTTTGGACTTGGGAATAGAAAAGCAACCCCGTCTCTACTAAAAATACAAAAAAATTAGCCAGGCGTGGTGGCACGTGCCTGTAATCCCAGCTACTTGGGAGGCTGAGGCAGGAGAATCACTTGAACCTAGGAGGCGGAGGTTGCAGTGAGCTGAGATCATGCCACTGCACGCAAGCCTGGGCAACAGAGCAAGACTCTGTCTCAAAAGAAAGAAAAAGAAAAGAAAAAAAAGAAAGGCAAGTTGACTGCTGAAAGGGGAATCTGTGTACGCCTGGGAGCTGTGGGGCAGCCACATTCCAGCACATGGATCTGAGAAACAGAACGCTGATCTGCAGAAAGAGATGAGAACCAAAGAGAGGCCACCTGCGTCCTGGGTCCATTTTCATCCTCCCTGAAGCCCAGCTGCCCAGGGTGGGGAGAAACACCCTGTGTCCATGGGATAGAGTCCTTTCCGCTTGCAGTTGTGCCCAAAGAATCTTAAATACAAATGAGATATCCTTAGGTAGTTGATCATTTATGTAATATGTGTCTTCACTGGGGAATACTGACTTCCTAAAATCTCAAGATGGAAGATATACCACATGTAAATTATTTTAGAGCAATTAAATTGTTTTCAGGATTTTCCAAAAA                                                                  "
"","3' downstream sequence","","","","","","                            tgcttcttgtttcattttattatttaagtaacagattatctgagcctctg..........                "
